user_id,variant,country,device,activated
A_0,A,IN,iOS,1
A_1,A,US,Android,0
A_2,A,IN,iOS,1
A_3,A,IN,iOS,0
A_4,A,US,Android,0
A_5,A,CA,iOS,1
A_6,A,IN,Android,0
A_7,A,IN,iOS,0
A_8,A,US,Android,0
A_9,A,US,Android,0
A_10,A,US,Android,0
A_11,A,CA,Android,0
A_12,A,IN,Android,0
A_13,A,IN,Android,0
A_14,A,US,iOS,0
A_15,A,US,iOS,0
A_16,A,US,Android,0
A_17,A,US,Android,0
A_18,A,IN,iOS,0
A_19,A,IN,Android,0
A_20,A,IN,Android,0
A_21,A,US,Android,0
A_22,A,CA,Android,0
A_23,A,IN,Android,0
A_24,A,IN,Android,0
A_25,A,US,iOS,0
A_26,A,US,Android,0
A_27,A,US,iOS,0
A_28,A,US,Android,0
A_29,A,IN,Android,0
A_30,A,IN,Android,0
A_31,A,CA,Android,0
A_32,A,US,Android,0
A_33,A,US,Android,0
A_34,A,US,Android,0
A_35,A,US,Android,0
A_36,A,US,iOS,1
A_37,A,US,Android,0
A_38,A,US,Android,0
A_39,A,IN,iOS,0
A_40,A,US,iOS,0
A_41,A,IN,Android,0
A_42,A,IN,Android,0
A_43,A,US,Android,1
A_44,A,IN,iOS,1
A_45,A,IN,iOS,0
A_46,A,US,iOS,0
A_47,A,US,Android,0
A_48,A,IN,Android,0
A_49,A,US,iOS,0
A_50,A,US,Android,1
A_51,A,US,iOS,0
A_52,A,IN,iOS,0
A_53,A,IN,iOS,1
A_54,A,IN,iOS,0
A_55,A,IN,Android,0
A_56,A,US,Android,1
A_57,A,US,iOS,0
A_58,A,US,Android,0
A_59,A,US,Android,0
A_60,A,IN,Android,1
A_61,A,US,Android,0
A_62,A,US,iOS,0
A_63,A,IN,Android,0
A_64,A,IN,iOS,0
A_65,A,US,Android,1
A_66,A,US,iOS,0
A_67,A,US,Android,1
A_68,A,US,iOS,0
A_69,A,US,Android,0
A_70,A,US,Android,1
A_71,A,US,Android,0
A_72,A,IN,Android,0
A_73,A,US,Android,1
A_74,A,US,Android,0
A_75,A,US,iOS,0
A_76,A,US,Android,1
A_77,A,IN,Android,0
A_78,A,US,Android,0
A_79,A,IN,iOS,0
A_80,A,IN,iOS,0
A_81,A,US,Android,0
A_82,A,IN,Android,0
A_83,A,US,Android,0
A_84,A,US,Android,0
A_85,A,US,Android,0
A_86,A,IN,Android,0
A_87,A,US,Android,0
A_88,A,US,Android,0
A_89,A,US,Android,0
A_90,A,US,iOS,0
A_91,A,IN,Android,1
A_92,A,US,iOS,0
A_93,A,US,iOS,0
A_94,A,US,Android,1
A_95,A,IN,Android,0
A_96,A,US,iOS,0
A_97,A,US,Android,0
A_98,A,US,Android,0
A_99,A,CA,iOS,0
A_100,A,CA,iOS,0
A_101,A,IN,iOS,0
A_102,A,US,Android,0
A_103,A,CA,Android,1
A_104,A,IN,iOS,0
A_105,A,IN,Android,0
A_106,A,US,iOS,0
A_107,A,US,iOS,1
A_108,A,US,Android,0
A_109,A,CA,iOS,0
A_110,A,US,iOS,0
A_111,A,US,Android,0
A_112,A,US,Android,0
A_113,A,US,Android,0
A_114,A,US,Android,0
A_115,A,IN,iOS,1
A_116,A,IN,iOS,0
A_117,A,IN,Android,0
A_118,A,US,iOS,0
A_119,A,IN,Android,0
A_120,A,US,Android,0
A_121,A,IN,iOS,0
A_122,A,US,Android,0
A_123,A,US,iOS,0
A_124,A,US,Android,0
A_125,A,US,Android,0
A_126,A,US,Android,0
A_127,A,US,Android,0
A_128,A,US,Android,0
A_129,A,US,Android,0
A_130,A,US,Android,0
A_131,A,CA,Android,0
A_132,A,US,iOS,1
A_133,A,US,Android,1
A_134,A,US,Android,0
A_135,A,US,iOS,0
A_136,A,CA,Android,0
A_137,A,US,Android,0
A_138,A,IN,iOS,0
A_139,A,US,Android,1
A_140,A,US,iOS,1
A_141,A,US,Android,0
A_142,A,CA,Android,0
A_143,A,US,Android,0
A_144,A,US,Android,0
A_145,A,US,iOS,1
A_146,A,US,Android,0
A_147,A,US,Android,1
A_148,A,US,Android,0
A_149,A,US,Android,0
A_150,A,IN,iOS,0
A_151,A,IN,Android,0
A_152,A,US,iOS,0
A_153,A,US,iOS,0
A_154,A,US,Android,0
A_155,A,IN,iOS,1
A_156,A,US,iOS,0
A_157,A,IN,iOS,0
A_158,A,IN,Android,0
A_159,A,IN,Android,0
A_160,A,US,iOS,0
A_161,A,CA,Android,0
A_162,A,US,Android,0
A_163,A,US,iOS,0
A_164,A,US,iOS,1
A_165,A,US,Android,0
A_166,A,IN,Android,1
A_167,A,IN,Android,0
A_168,A,US,Android,0
A_169,A,CA,iOS,0
A_170,A,US,iOS,0
A_171,A,US,Android,0
A_172,A,US,iOS,0
A_173,A,CA,Android,0
A_174,A,US,Android,0
A_175,A,US,Android,0
A_176,A,US,Android,0
A_177,A,CA,iOS,1
A_178,A,IN,iOS,0
A_179,A,IN,iOS,1
A_180,A,IN,Android,0
A_181,A,IN,iOS,1
A_182,A,US,iOS,1
A_183,A,US,iOS,0
A_184,A,IN,iOS,0
A_185,A,IN,Android,0
A_186,A,US,iOS,1
A_187,A,US,Android,0
A_188,A,IN,iOS,0
A_189,A,US,Android,1
A_190,A,CA,Android,0
A_191,A,US,iOS,0
A_192,A,US,Android,0
A_193,A,IN,Android,0
A_194,A,US,Android,0
A_195,A,US,iOS,1
A_196,A,US,iOS,0
A_197,A,IN,Android,0
A_198,A,US,iOS,0
A_199,A,US,Android,0
A_200,A,IN,Android,0
A_201,A,CA,Android,1
A_202,A,US,Android,1
A_203,A,US,Android,0
A_204,A,US,iOS,0
A_205,A,US,iOS,0
A_206,A,US,Android,0
A_207,A,IN,Android,0
A_208,A,US,iOS,0
A_209,A,US,Android,0
A_210,A,IN,Android,1
A_211,A,US,Android,0
A_212,A,US,Android,1
A_213,A,IN,iOS,0
A_214,A,IN,iOS,1
A_215,A,IN,Android,0
A_216,A,US,iOS,0
A_217,A,US,Android,1
A_218,A,CA,Android,1
A_219,A,US,iOS,0
A_220,A,US,iOS,0
A_221,A,US,iOS,0
A_222,A,IN,Android,0
A_223,A,CA,Android,0
A_224,A,US,iOS,1
A_225,A,CA,Android,0
A_226,A,US,Android,0
A_227,A,US,Android,0
A_228,A,IN,Android,0
A_229,A,US,iOS,0
A_230,A,US,iOS,0
A_231,A,US,Android,0
A_232,A,CA,iOS,0
A_233,A,US,Android,1
A_234,A,CA,iOS,0
A_235,A,IN,iOS,1
A_236,A,US,iOS,0
A_237,A,IN,Android,0
A_238,A,US,iOS,0
A_239,A,US,iOS,0
A_240,A,IN,Android,0
A_241,A,IN,iOS,0
A_242,A,US,iOS,0
A_243,A,US,iOS,0
A_244,A,IN,iOS,0
A_245,A,IN,iOS,0
A_246,A,IN,Android,0
A_247,A,US,iOS,0
A_248,A,US,Android,0
A_249,A,US,Android,0
A_250,A,IN,iOS,0
A_251,A,IN,iOS,0
A_252,A,US,iOS,0
A_253,A,US,Android,0
A_254,A,US,iOS,1
A_255,A,IN,Android,0
A_256,A,IN,Android,1
A_257,A,US,Android,0
A_258,A,US,Android,0
A_259,A,US,Android,0
A_260,A,US,iOS,0
A_261,A,IN,Android,1
A_262,A,US,iOS,0
A_263,A,US,Android,0
A_264,A,CA,Android,0
A_265,A,US,Android,0
A_266,A,US,iOS,0
A_267,A,US,Android,0
A_268,A,US,Android,0
A_269,A,US,Android,1
A_270,A,US,Android,0
A_271,A,US,iOS,0
A_272,A,US,iOS,0
A_273,A,US,Android,1
A_274,A,IN,iOS,1
A_275,A,US,iOS,0
A_276,A,US,iOS,0
A_277,A,US,iOS,0
A_278,A,IN,Android,1
A_279,A,IN,Android,0
A_280,A,US,iOS,0
A_281,A,US,Android,0
A_282,A,US,Android,0
A_283,A,US,Android,0
A_284,A,US,Android,0
A_285,A,US,Android,0
A_286,A,US,iOS,1
A_287,A,US,iOS,0
A_288,A,US,Android,0
A_289,A,US,Android,0
A_290,A,IN,Android,1
A_291,A,US,Android,0
A_292,A,CA,Android,0
A_293,A,US,iOS,0
A_294,A,IN,iOS,0
A_295,A,CA,iOS,0
A_296,A,CA,iOS,0
A_297,A,IN,iOS,0
A_298,A,IN,Android,0
A_299,A,IN,iOS,0
A_300,A,IN,iOS,1
A_301,A,US,Android,0
A_302,A,US,Android,0
A_303,A,US,iOS,0
A_304,A,IN,Android,0
A_305,A,US,Android,0
A_306,A,US,Android,0
A_307,A,IN,Android,0
A_308,A,US,iOS,0
A_309,A,US,Android,1
A_310,A,US,iOS,1
A_311,A,US,Android,0
A_312,A,US,Android,0
A_313,A,US,iOS,0
A_314,A,US,iOS,0
A_315,A,US,Android,0
A_316,A,US,Android,0
A_317,A,IN,iOS,0
A_318,A,US,Android,0
A_319,A,CA,Android,1
A_320,A,CA,Android,0
A_321,A,US,Android,0
A_322,A,US,iOS,0
A_323,A,US,Android,0
A_324,A,IN,iOS,0
A_325,A,IN,Android,1
A_326,A,IN,iOS,0
A_327,A,US,Android,0
A_328,A,IN,iOS,0
A_329,A,US,iOS,0
A_330,A,IN,Android,0
A_331,A,US,Android,0
A_332,A,IN,Android,0
A_333,A,IN,Android,0
A_334,A,US,Android,0
A_335,A,IN,Android,0
A_336,A,US,iOS,1
A_337,A,IN,Android,0
A_338,A,US,Android,0
A_339,A,CA,iOS,0
A_340,A,US,iOS,0
A_341,A,CA,Android,0
A_342,A,IN,Android,0
A_343,A,US,Android,0
A_344,A,IN,Android,0
A_345,A,IN,Android,0
A_346,A,CA,Android,1
A_347,A,US,iOS,1
A_348,A,US,Android,0
A_349,A,US,iOS,0
A_350,A,IN,Android,0
A_351,A,US,Android,1
A_352,A,US,iOS,0
A_353,A,US,iOS,0
A_354,A,US,Android,0
A_355,A,US,iOS,0
A_356,A,IN,Android,0
A_357,A,IN,Android,0
A_358,A,US,Android,1
A_359,A,US,iOS,0
A_360,A,CA,Android,0
A_361,A,US,iOS,0
A_362,A,US,Android,0
A_363,A,US,iOS,1
A_364,A,IN,Android,0
A_365,A,US,Android,0
A_366,A,IN,iOS,0
A_367,A,IN,iOS,0
A_368,A,US,iOS,0
A_369,A,IN,iOS,0
A_370,A,IN,iOS,0
A_371,A,US,Android,0
A_372,A,US,Android,0
A_373,A,US,Android,0
A_374,A,US,Android,0
A_375,A,US,iOS,0
A_376,A,CA,Android,1
A_377,A,US,Android,0
A_378,A,US,Android,0
A_379,A,IN,Android,0
A_380,A,US,Android,1
A_381,A,CA,iOS,0
A_382,A,IN,Android,0
A_383,A,US,Android,0
A_384,A,US,Android,0
A_385,A,CA,iOS,0
A_386,A,IN,Android,1
A_387,A,CA,iOS,0
A_388,A,US,Android,0
A_389,A,IN,iOS,0
A_390,A,IN,Android,0
A_391,A,US,Android,0
A_392,A,US,iOS,0
A_393,A,IN,iOS,0
A_394,A,US,Android,0
A_395,A,US,iOS,1
A_396,A,IN,Android,0
A_397,A,US,Android,0
A_398,A,US,Android,0
A_399,A,US,iOS,0
A_400,A,US,Android,0
A_401,A,CA,iOS,0
A_402,A,IN,Android,0
A_403,A,US,iOS,1
A_404,A,CA,iOS,0
A_405,A,IN,iOS,0
A_406,A,US,Android,0
A_407,A,IN,iOS,0
A_408,A,US,Android,0
A_409,A,CA,Android,1
A_410,A,IN,Android,0
A_411,A,IN,Android,1
A_412,A,US,Android,0
A_413,A,IN,Android,0
A_414,A,US,iOS,0
A_415,A,US,Android,0
A_416,A,US,Android,0
A_417,A,IN,Android,0
A_418,A,US,Android,0
A_419,A,CA,Android,1
A_420,A,IN,Android,0
A_421,A,US,Android,0
A_422,A,US,Android,0
A_423,A,US,iOS,0
A_424,A,IN,iOS,1
A_425,A,IN,iOS,0
A_426,A,US,iOS,0
A_427,A,IN,iOS,0
A_428,A,US,Android,0
A_429,A,IN,Android,0
A_430,A,CA,Android,0
A_431,A,IN,Android,0
A_432,A,IN,iOS,0
A_433,A,IN,iOS,0
A_434,A,US,iOS,0
A_435,A,US,Android,1
A_436,A,US,iOS,0
A_437,A,US,Android,0
A_438,A,IN,Android,0
A_439,A,IN,Android,0
A_440,A,IN,iOS,1
A_441,A,US,iOS,0
A_442,A,IN,iOS,0
A_443,A,US,iOS,0
A_444,A,US,iOS,0
A_445,A,IN,Android,0
A_446,A,CA,Android,0
A_447,A,IN,Android,0
A_448,A,US,Android,0
A_449,A,IN,iOS,0
A_450,A,US,Android,0
A_451,A,IN,Android,0
A_452,A,IN,Android,0
A_453,A,US,Android,0
A_454,A,US,iOS,0
A_455,A,US,iOS,0
A_456,A,CA,iOS,0
A_457,A,US,Android,0
A_458,A,IN,Android,0
A_459,A,IN,iOS,0
A_460,A,US,Android,1
A_461,A,US,Android,0
A_462,A,CA,iOS,0
A_463,A,US,iOS,0
A_464,A,US,Android,0
A_465,A,IN,Android,0
A_466,A,IN,Android,0
A_467,A,CA,iOS,0
A_468,A,US,Android,0
A_469,A,US,iOS,0
A_470,A,US,Android,0
A_471,A,US,iOS,1
A_472,A,US,iOS,0
A_473,A,US,Android,0
A_474,A,US,Android,0
A_475,A,US,Android,0
A_476,A,US,Android,0
A_477,A,IN,Android,0
A_478,A,IN,Android,0
A_479,A,US,Android,1
A_480,A,US,Android,0
A_481,A,US,iOS,0
A_482,A,US,Android,0
A_483,A,US,iOS,0
A_484,A,US,Android,0
A_485,A,US,iOS,0
A_486,A,US,Android,0
A_487,A,US,Android,0
A_488,A,US,Android,0
A_489,A,US,Android,0
A_490,A,IN,iOS,1
A_491,A,IN,Android,0
A_492,A,IN,Android,0
A_493,A,US,Android,1
A_494,A,IN,Android,1
A_495,A,US,Android,0
A_496,A,US,Android,0
A_497,A,IN,Android,0
A_498,A,US,iOS,1
A_499,A,US,Android,0
A_500,A,IN,Android,0
A_501,A,IN,Android,0
A_502,A,CA,iOS,1
A_503,A,US,Android,1
A_504,A,US,Android,0
A_505,A,IN,Android,0
A_506,A,US,Android,1
A_507,A,IN,Android,1
A_508,A,US,iOS,0
A_509,A,US,Android,0
A_510,A,US,iOS,0
A_511,A,IN,iOS,0
A_512,A,US,Android,0
A_513,A,US,Android,0
A_514,A,US,Android,0
A_515,A,US,iOS,1
A_516,A,US,iOS,0
A_517,A,IN,Android,0
A_518,A,US,iOS,0
A_519,A,IN,iOS,0
A_520,A,IN,iOS,0
A_521,A,US,Android,0
A_522,A,US,Android,0
A_523,A,IN,Android,0
A_524,A,US,Android,1
A_525,A,US,iOS,0
A_526,A,CA,iOS,1
A_527,A,CA,Android,1
A_528,A,IN,iOS,1
A_529,A,US,iOS,0
A_530,A,IN,iOS,0
A_531,A,IN,iOS,0
A_532,A,US,Android,0
A_533,A,IN,Android,0
A_534,A,US,iOS,1
A_535,A,US,Android,0
A_536,A,US,Android,0
A_537,A,US,Android,0
A_538,A,US,Android,0
A_539,A,IN,Android,0
A_540,A,CA,Android,0
A_541,A,US,iOS,0
A_542,A,IN,iOS,0
A_543,A,CA,iOS,0
A_544,A,US,Android,0
A_545,A,US,iOS,0
A_546,A,US,iOS,1
A_547,A,US,Android,0
A_548,A,IN,iOS,0
A_549,A,US,iOS,0
A_550,A,US,iOS,0
A_551,A,US,Android,0
A_552,A,US,iOS,0
A_553,A,CA,iOS,1
A_554,A,US,iOS,0
A_555,A,US,Android,0
A_556,A,US,Android,0
A_557,A,US,Android,0
A_558,A,US,Android,0
A_559,A,US,Android,0
A_560,A,US,Android,0
A_561,A,US,Android,0
A_562,A,IN,Android,0
A_563,A,IN,Android,0
A_564,A,IN,Android,0
A_565,A,IN,Android,0
A_566,A,IN,iOS,0
A_567,A,US,iOS,0
A_568,A,US,Android,0
A_569,A,US,Android,1
A_570,A,US,Android,0
A_571,A,IN,Android,0
A_572,A,US,Android,0
A_573,A,IN,Android,0
A_574,A,IN,iOS,0
A_575,A,US,iOS,0
A_576,A,CA,Android,0
A_577,A,US,Android,1
A_578,A,IN,Android,0
A_579,A,US,Android,1
A_580,A,US,Android,0
A_581,A,US,iOS,1
A_582,A,US,Android,0
A_583,A,US,iOS,0
A_584,A,CA,Android,0
A_585,A,IN,Android,0
A_586,A,US,iOS,0
A_587,A,US,Android,0
A_588,A,US,iOS,0
A_589,A,US,iOS,0
A_590,A,CA,iOS,0
A_591,A,US,iOS,1
A_592,A,US,Android,0
A_593,A,US,Android,0
A_594,A,US,Android,0
A_595,A,US,Android,1
A_596,A,IN,iOS,0
A_597,A,IN,iOS,0
A_598,A,CA,Android,1
A_599,A,IN,iOS,1
A_600,A,US,Android,0
A_601,A,IN,iOS,0
A_602,A,CA,Android,0
A_603,A,IN,Android,0
A_604,A,CA,iOS,0
A_605,A,IN,iOS,0
A_606,A,IN,Android,0
A_607,A,US,iOS,0
A_608,A,IN,Android,0
A_609,A,US,Android,0
A_610,A,US,iOS,1
A_611,A,IN,Android,0
A_612,A,CA,Android,0
A_613,A,CA,iOS,0
A_614,A,US,Android,0
A_615,A,IN,iOS,0
A_616,A,IN,iOS,0
A_617,A,US,Android,1
A_618,A,US,Android,0
A_619,A,US,iOS,1
A_620,A,IN,iOS,1
A_621,A,US,Android,1
A_622,A,CA,Android,0
A_623,A,US,iOS,1
A_624,A,CA,iOS,0
A_625,A,US,Android,0
A_626,A,IN,iOS,0
A_627,A,US,iOS,0
A_628,A,US,iOS,0
A_629,A,IN,Android,0
A_630,A,CA,Android,0
A_631,A,IN,Android,0
A_632,A,US,Android,1
A_633,A,US,Android,0
A_634,A,US,Android,0
A_635,A,US,Android,0
A_636,A,IN,Android,0
A_637,A,IN,Android,0
A_638,A,IN,iOS,1
A_639,A,IN,Android,0
A_640,A,IN,Android,0
A_641,A,IN,iOS,0
A_642,A,US,Android,0
A_643,A,US,iOS,1
A_644,A,IN,iOS,0
A_645,A,IN,Android,1
A_646,A,US,iOS,0
A_647,A,US,Android,0
A_648,A,IN,Android,0
A_649,A,US,Android,1
A_650,A,US,iOS,1
A_651,A,IN,iOS,0
A_652,A,IN,iOS,0
A_653,A,US,iOS,0
A_654,A,IN,Android,0
A_655,A,US,Android,1
A_656,A,IN,iOS,0
A_657,A,US,Android,0
A_658,A,US,iOS,0
A_659,A,US,iOS,0
A_660,A,US,iOS,1
A_661,A,IN,Android,0
A_662,A,US,Android,0
A_663,A,US,iOS,0
A_664,A,US,Android,0
A_665,A,IN,Android,0
A_666,A,IN,Android,1
A_667,A,CA,iOS,0
A_668,A,US,iOS,0
A_669,A,US,Android,0
A_670,A,US,iOS,0
A_671,A,US,Android,0
A_672,A,CA,Android,0
A_673,A,IN,iOS,0
A_674,A,US,Android,0
A_675,A,US,Android,0
A_676,A,CA,Android,0
A_677,A,US,Android,0
A_678,A,US,Android,0
A_679,A,US,Android,0
A_680,A,US,Android,0
A_681,A,US,Android,1
A_682,A,US,Android,0
A_683,A,US,iOS,0
A_684,A,IN,iOS,0
A_685,A,US,iOS,0
A_686,A,US,Android,0
A_687,A,CA,Android,0
A_688,A,IN,Android,0
A_689,A,US,iOS,0
A_690,A,US,Android,1
A_691,A,IN,Android,0
A_692,A,US,iOS,1
A_693,A,US,Android,1
A_694,A,CA,Android,1
A_695,A,US,Android,0
A_696,A,IN,iOS,0
A_697,A,US,Android,0
A_698,A,IN,Android,0
A_699,A,US,Android,1
A_700,A,US,Android,0
A_701,A,US,Android,0
A_702,A,US,iOS,0
A_703,A,IN,Android,0
A_704,A,US,Android,0
A_705,A,US,Android,0
A_706,A,IN,iOS,1
A_707,A,IN,Android,0
A_708,A,US,Android,0
A_709,A,US,iOS,0
A_710,A,CA,Android,1
A_711,A,IN,iOS,0
A_712,A,IN,Android,0
A_713,A,CA,Android,0
A_714,A,IN,iOS,1
A_715,A,US,Android,0
A_716,A,US,iOS,0
A_717,A,US,Android,1
A_718,A,IN,Android,0
A_719,A,CA,Android,0
A_720,A,US,iOS,0
A_721,A,US,iOS,0
A_722,A,US,Android,0
A_723,A,CA,Android,0
A_724,A,US,Android,0
A_725,A,US,iOS,0
A_726,A,US,iOS,0
A_727,A,US,Android,0
A_728,A,US,iOS,0
A_729,A,US,iOS,1
A_730,A,US,Android,0
A_731,A,US,iOS,0
A_732,A,US,Android,0
A_733,A,US,iOS,0
A_734,A,US,Android,0
A_735,A,IN,Android,0
A_736,A,US,Android,0
A_737,A,US,iOS,0
A_738,A,US,Android,0
A_739,A,US,Android,0
A_740,A,US,iOS,0
A_741,A,US,iOS,1
A_742,A,IN,iOS,0
A_743,A,US,Android,0
A_744,A,US,Android,0
A_745,A,US,Android,0
A_746,A,US,Android,0
A_747,A,US,Android,0
A_748,A,IN,Android,0
A_749,A,IN,Android,0
A_750,A,US,Android,0
A_751,A,US,iOS,0
A_752,A,US,Android,1
A_753,A,US,Android,0
A_754,A,IN,iOS,1
A_755,A,US,Android,0
A_756,A,US,iOS,1
A_757,A,CA,Android,0
A_758,A,US,Android,0
A_759,A,US,Android,0
A_760,A,IN,iOS,0
A_761,A,US,iOS,1
A_762,A,US,iOS,0
A_763,A,US,iOS,0
A_764,A,CA,iOS,0
A_765,A,US,iOS,1
A_766,A,US,Android,0
A_767,A,US,iOS,0
A_768,A,US,iOS,1
A_769,A,IN,Android,1
A_770,A,US,Android,0
A_771,A,US,Android,0
A_772,A,US,Android,1
A_773,A,IN,Android,0
A_774,A,US,Android,0
A_775,A,IN,Android,0
A_776,A,IN,Android,0
A_777,A,US,Android,0
A_778,A,IN,iOS,0
A_779,A,IN,Android,0
A_780,A,US,iOS,0
A_781,A,CA,Android,0
A_782,A,US,iOS,0
A_783,A,IN,iOS,0
A_784,A,CA,iOS,0
A_785,A,US,Android,0
A_786,A,IN,iOS,0
A_787,A,US,Android,0
A_788,A,IN,Android,1
A_789,A,IN,iOS,0
A_790,A,US,Android,1
A_791,A,US,iOS,0
A_792,A,US,iOS,0
A_793,A,US,Android,1
A_794,A,US,Android,1
A_795,A,US,iOS,0
A_796,A,US,Android,0
A_797,A,US,iOS,0
A_798,A,IN,Android,0
A_799,A,IN,Android,0
A_800,A,IN,Android,1
A_801,A,US,Android,0
A_802,A,IN,iOS,0
A_803,A,US,Android,0
A_804,A,US,Android,0
A_805,A,US,Android,0
A_806,A,IN,iOS,0
A_807,A,US,Android,0
A_808,A,US,Android,0
A_809,A,CA,iOS,0
A_810,A,US,iOS,0
A_811,A,US,Android,1
A_812,A,CA,Android,0
A_813,A,US,iOS,0
A_814,A,US,Android,0
A_815,A,IN,Android,0
A_816,A,IN,Android,0
A_817,A,US,Android,0
A_818,A,IN,Android,0
A_819,A,US,Android,1
A_820,A,US,Android,0
A_821,A,US,Android,0
A_822,A,US,Android,0
A_823,A,IN,Android,1
A_824,A,IN,Android,1
A_825,A,US,iOS,0
A_826,A,US,Android,0
A_827,A,US,Android,0
A_828,A,IN,Android,0
A_829,A,US,Android,0
A_830,A,IN,Android,0
A_831,A,US,Android,0
A_832,A,US,Android,0
A_833,A,IN,iOS,1
A_834,A,IN,iOS,0
A_835,A,US,iOS,0
A_836,A,IN,iOS,0
A_837,A,CA,Android,0
A_838,A,US,Android,0
A_839,A,US,Android,0
A_840,A,US,iOS,0
A_841,A,IN,Android,0
A_842,A,US,iOS,0
A_843,A,US,Android,0
A_844,A,US,iOS,0
A_845,A,IN,Android,0
A_846,A,US,iOS,0
A_847,A,IN,Android,0
A_848,A,US,Android,0
A_849,A,CA,Android,0
A_850,A,US,iOS,0
A_851,A,US,Android,0
A_852,A,IN,Android,0
A_853,A,CA,Android,0
A_854,A,US,Android,0
A_855,A,US,Android,1
A_856,A,IN,iOS,0
A_857,A,IN,iOS,0
A_858,A,US,iOS,0
A_859,A,US,iOS,0
A_860,A,IN,Android,0
A_861,A,IN,Android,0
A_862,A,IN,Android,0
A_863,A,US,Android,0
A_864,A,US,Android,0
A_865,A,CA,Android,0
A_866,A,IN,Android,0
A_867,A,IN,iOS,0
A_868,A,US,Android,1
A_869,A,US,Android,0
A_870,A,IN,iOS,0
A_871,A,US,Android,0
A_872,A,CA,Android,0
A_873,A,US,Android,0
A_874,A,IN,Android,0
A_875,A,IN,Android,0
A_876,A,US,iOS,0
A_877,A,US,iOS,0
A_878,A,IN,Android,0
A_879,A,US,Android,0
A_880,A,US,Android,0
A_881,A,IN,Android,0
A_882,A,CA,Android,0
A_883,A,US,Android,0
A_884,A,US,iOS,0
A_885,A,US,iOS,0
A_886,A,US,iOS,0
A_887,A,US,iOS,1
A_888,A,US,Android,0
A_889,A,IN,Android,0
A_890,A,US,iOS,0
A_891,A,CA,Android,1
A_892,A,US,Android,0
A_893,A,US,iOS,0
A_894,A,IN,iOS,1
A_895,A,IN,iOS,0
A_896,A,US,Android,1
A_897,A,US,iOS,0
A_898,A,US,iOS,0
A_899,A,US,iOS,0
A_900,A,US,Android,0
A_901,A,US,iOS,1
A_902,A,US,Android,0
A_903,A,US,iOS,1
A_904,A,CA,Android,0
A_905,A,IN,Android,0
A_906,A,US,Android,1
A_907,A,US,iOS,0
A_908,A,US,Android,1
A_909,A,US,Android,0
A_910,A,IN,iOS,0
A_911,A,IN,iOS,0
A_912,A,CA,Android,0
A_913,A,CA,Android,0
A_914,A,CA,iOS,0
A_915,A,CA,iOS,0
A_916,A,US,Android,0
A_917,A,US,Android,1
A_918,A,US,Android,0
A_919,A,US,Android,0
A_920,A,US,Android,1
A_921,A,IN,iOS,0
A_922,A,IN,Android,0
A_923,A,US,iOS,0
A_924,A,US,iOS,0
A_925,A,US,iOS,0
A_926,A,US,iOS,0
A_927,A,IN,Android,0
A_928,A,US,iOS,0
A_929,A,IN,Android,0
A_930,A,US,Android,0
A_931,A,US,Android,0
A_932,A,US,Android,0
A_933,A,IN,Android,1
A_934,A,IN,Android,0
A_935,A,US,iOS,0
A_936,A,CA,Android,0
A_937,A,US,Android,0
A_938,A,IN,iOS,0
A_939,A,US,iOS,0
A_940,A,US,iOS,1
A_941,A,IN,Android,0
A_942,A,US,Android,0
A_943,A,US,iOS,0
A_944,A,US,Android,0
A_945,A,US,Android,0
A_946,A,IN,iOS,0
A_947,A,IN,Android,0
A_948,A,IN,iOS,1
A_949,A,US,Android,1
A_950,A,US,Android,0
A_951,A,US,iOS,0
A_952,A,US,Android,0
A_953,A,US,Android,1
A_954,A,CA,Android,0
A_955,A,IN,Android,0
A_956,A,IN,Android,0
A_957,A,US,iOS,0
A_958,A,US,Android,0
A_959,A,US,Android,1
A_960,A,US,Android,0
A_961,A,US,Android,1
A_962,A,US,Android,0
A_963,A,US,iOS,0
A_964,A,CA,Android,0
A_965,A,US,iOS,0
A_966,A,CA,Android,0
A_967,A,US,Android,0
A_968,A,US,Android,0
A_969,A,US,Android,0
A_970,A,US,iOS,0
A_971,A,US,Android,0
A_972,A,US,Android,0
A_973,A,CA,iOS,1
A_974,A,US,iOS,0
A_975,A,IN,iOS,0
A_976,A,US,Android,0
A_977,A,US,Android,0
A_978,A,US,Android,0
A_979,A,US,iOS,1
A_980,A,CA,Android,0
A_981,A,IN,iOS,0
A_982,A,IN,Android,0
A_983,A,US,iOS,0
A_984,A,US,Android,0
A_985,A,CA,Android,0
A_986,A,US,iOS,0
A_987,A,US,Android,0
A_988,A,US,Android,0
A_989,A,IN,iOS,0
A_990,A,IN,iOS,0
A_991,A,IN,Android,0
A_992,A,IN,iOS,0
A_993,A,US,iOS,0
A_994,A,CA,Android,0
A_995,A,US,Android,0
A_996,A,IN,iOS,0
A_997,A,US,iOS,0
A_998,A,CA,Android,1
A_999,A,US,Android,0
B_0,B,IN,Android,0
B_1,B,US,iOS,0
B_2,B,US,Android,0
B_3,B,IN,iOS,0
B_4,B,US,Android,0
B_5,B,IN,iOS,0
B_6,B,US,Android,0
B_7,B,US,iOS,0
B_8,B,US,iOS,0
B_9,B,IN,Android,0
B_10,B,US,iOS,0
B_11,B,IN,iOS,0
B_12,B,IN,Android,0
B_13,B,IN,iOS,0
B_14,B,US,Android,0
B_15,B,IN,Android,0
B_16,B,CA,iOS,0
B_17,B,US,Android,0
B_18,B,US,iOS,0
B_19,B,US,Android,0
B_20,B,US,iOS,1
B_21,B,IN,iOS,1
B_22,B,US,iOS,1
B_23,B,US,Android,0
B_24,B,US,Android,0
B_25,B,US,Android,0
B_26,B,US,Android,0
B_27,B,IN,Android,0
B_28,B,IN,Android,0
B_29,B,US,Android,0
B_30,B,IN,Android,0
B_31,B,US,iOS,1
B_32,B,US,Android,0
B_33,B,US,Android,0
B_34,B,CA,iOS,0
B_35,B,IN,iOS,0
B_36,B,IN,iOS,1
B_37,B,US,Android,0
B_38,B,US,iOS,1
B_39,B,IN,Android,0
B_40,B,US,Android,0
B_41,B,CA,Android,0
B_42,B,IN,iOS,0
B_43,B,US,Android,0
B_44,B,IN,Android,0
B_45,B,CA,iOS,1
B_46,B,US,iOS,0
B_47,B,IN,iOS,1
B_48,B,CA,iOS,0
B_49,B,US,Android,1
B_50,B,IN,Android,0
B_51,B,US,Android,0
B_52,B,IN,Android,0
B_53,B,IN,Android,0
B_54,B,IN,Android,1
B_55,B,US,Android,0
B_56,B,IN,iOS,0
B_57,B,US,Android,0
B_58,B,US,iOS,0
B_59,B,US,Android,0
B_60,B,US,Android,0
B_61,B,US,Android,0
B_62,B,US,iOS,0
B_63,B,IN,Android,0
B_64,B,US,iOS,1
B_65,B,US,Android,0
B_66,B,US,iOS,0
B_67,B,US,Android,0
B_68,B,IN,Android,0
B_69,B,US,iOS,0
B_70,B,US,iOS,0
B_71,B,CA,Android,0
B_72,B,IN,Android,0
B_73,B,IN,iOS,0
B_74,B,IN,iOS,1
B_75,B,CA,Android,0
B_76,B,US,Android,0
B_77,B,IN,Android,0
B_78,B,IN,iOS,0
B_79,B,US,Android,0
B_80,B,US,iOS,0
B_81,B,US,iOS,0
B_82,B,IN,Android,0
B_83,B,IN,iOS,0
B_84,B,IN,Android,1
B_85,B,US,Android,0
B_86,B,US,Android,0
B_87,B,US,Android,0
B_88,B,US,iOS,1
B_89,B,CA,iOS,0
B_90,B,IN,iOS,0
B_91,B,CA,Android,0
B_92,B,IN,Android,0
B_93,B,CA,iOS,0
B_94,B,US,iOS,1
B_95,B,US,iOS,0
B_96,B,US,Android,0
B_97,B,US,Android,0
B_98,B,US,Android,1
B_99,B,US,Android,1
B_100,B,CA,iOS,0
B_101,B,US,Android,0
B_102,B,CA,Android,0
B_103,B,IN,iOS,0
B_104,B,IN,Android,1
B_105,B,IN,iOS,0
B_106,B,US,Android,0
B_107,B,IN,Android,0
B_108,B,US,Android,0
B_109,B,CA,Android,1
B_110,B,US,iOS,0
B_111,B,US,Android,0
B_112,B,IN,Android,0
B_113,B,IN,Android,1
B_114,B,US,Android,0
B_115,B,IN,iOS,1
B_116,B,US,Android,0
B_117,B,IN,Android,0
B_118,B,US,iOS,0
B_119,B,US,Android,0
B_120,B,US,Android,0
B_121,B,US,Android,0
B_122,B,US,Android,0
B_123,B,US,iOS,0
B_124,B,US,Android,0
B_125,B,US,iOS,0
B_126,B,US,Android,0
B_127,B,US,Android,0
B_128,B,IN,Android,1
B_129,B,CA,Android,1
B_130,B,US,Android,0
B_131,B,CA,Android,0
B_132,B,US,Android,0
B_133,B,US,Android,0
B_134,B,IN,Android,1
B_135,B,IN,iOS,0
B_136,B,IN,Android,0
B_137,B,US,Android,0
B_138,B,IN,Android,0
B_139,B,US,Android,1
B_140,B,US,iOS,0
B_141,B,US,Android,0
B_142,B,CA,iOS,0
B_143,B,US,iOS,1
B_144,B,IN,Android,0
B_145,B,IN,iOS,1
B_146,B,IN,iOS,1
B_147,B,IN,Android,0
B_148,B,IN,Android,1
B_149,B,US,Android,0
B_150,B,US,iOS,0
B_151,B,US,Android,0
B_152,B,US,Android,0
B_153,B,US,Android,0
B_154,B,US,Android,0
B_155,B,US,iOS,0
B_156,B,US,Android,0
B_157,B,US,iOS,0
B_158,B,CA,Android,0
B_159,B,US,iOS,0
B_160,B,CA,Android,1
B_161,B,CA,iOS,1
B_162,B,US,Android,0
B_163,B,IN,iOS,0
B_164,B,IN,Android,0
B_165,B,IN,iOS,0
B_166,B,US,iOS,0
B_167,B,US,Android,0
B_168,B,US,Android,0
B_169,B,IN,Android,0
B_170,B,CA,Android,0
B_171,B,IN,Android,0
B_172,B,IN,Android,1
B_173,B,CA,iOS,0
B_174,B,IN,Android,0
B_175,B,US,Android,0
B_176,B,IN,Android,0
B_177,B,US,Android,0
B_178,B,US,Android,0
B_179,B,US,Android,0
B_180,B,CA,Android,0
B_181,B,US,iOS,0
B_182,B,US,Android,0
B_183,B,US,Android,0
B_184,B,US,Android,0
B_185,B,US,Android,1
B_186,B,IN,iOS,0
B_187,B,IN,iOS,0
B_188,B,US,iOS,1
B_189,B,US,Android,0
B_190,B,US,iOS,0
B_191,B,US,Android,0
B_192,B,US,Android,0
B_193,B,IN,Android,0
B_194,B,IN,iOS,1
B_195,B,US,Android,1
B_196,B,US,iOS,0
B_197,B,US,Android,0
B_198,B,US,iOS,0
B_199,B,CA,iOS,0
B_200,B,IN,iOS,0
B_201,B,CA,Android,0
B_202,B,CA,iOS,0
B_203,B,IN,Android,0
B_204,B,CA,Android,0
B_205,B,US,Android,0
B_206,B,US,iOS,0
B_207,B,US,iOS,1
B_208,B,US,Android,0
B_209,B,US,iOS,0
B_210,B,US,Android,0
B_211,B,IN,iOS,0
B_212,B,IN,Android,1
B_213,B,US,iOS,1
B_214,B,US,Android,0
B_215,B,IN,iOS,0
B_216,B,US,Android,0
B_217,B,US,iOS,0
B_218,B,US,Android,0
B_219,B,US,Android,0
B_220,B,US,iOS,0
B_221,B,IN,iOS,0
B_222,B,IN,iOS,0
B_223,B,IN,iOS,0
B_224,B,US,iOS,0
B_225,B,IN,Android,0
B_226,B,IN,Android,0
B_227,B,US,iOS,0
B_228,B,IN,Android,0
B_229,B,US,iOS,0
B_230,B,US,Android,0
B_231,B,US,iOS,1
B_232,B,US,Android,0
B_233,B,US,Android,0
B_234,B,US,iOS,0
B_235,B,US,iOS,0
B_236,B,CA,iOS,0
B_237,B,US,Android,0
B_238,B,US,Android,0
B_239,B,US,Android,0
B_240,B,IN,Android,0
B_241,B,US,Android,0
B_242,B,CA,Android,0
B_243,B,US,Android,0
B_244,B,US,Android,0
B_245,B,US,iOS,0
B_246,B,US,Android,0
B_247,B,IN,iOS,0
B_248,B,IN,iOS,0
B_249,B,US,Android,1
B_250,B,CA,iOS,0
B_251,B,US,iOS,0
B_252,B,US,iOS,0
B_253,B,US,Android,0
B_254,B,US,Android,0
B_255,B,IN,iOS,1
B_256,B,US,iOS,0
B_257,B,US,Android,0
B_258,B,US,Android,0
B_259,B,US,iOS,0
B_260,B,US,Android,0
B_261,B,IN,Android,0
B_262,B,US,iOS,0
B_263,B,US,Android,1
B_264,B,US,Android,0
B_265,B,US,Android,0
B_266,B,US,Android,0
B_267,B,IN,Android,1
B_268,B,CA,Android,1
B_269,B,US,Android,0
B_270,B,CA,Android,1
B_271,B,US,Android,1
B_272,B,IN,Android,1
B_273,B,IN,Android,1
B_274,B,IN,iOS,0
B_275,B,IN,iOS,0
B_276,B,US,Android,0
B_277,B,US,Android,0
B_278,B,US,iOS,0
B_279,B,US,Android,0
B_280,B,IN,iOS,1
B_281,B,US,iOS,0
B_282,B,US,Android,1
B_283,B,US,iOS,0
B_284,B,US,Android,0
B_285,B,IN,iOS,0
B_286,B,IN,Android,0
B_287,B,US,iOS,0
B_288,B,US,Android,0
B_289,B,US,Android,0
B_290,B,US,iOS,0
B_291,B,IN,iOS,0
B_292,B,US,iOS,1
B_293,B,US,Android,0
B_294,B,US,Android,0
B_295,B,CA,Android,0
B_296,B,IN,Android,1
B_297,B,US,Android,0
B_298,B,US,Android,0
B_299,B,US,Android,0
B_300,B,CA,Android,0
B_301,B,US,Android,0
B_302,B,US,Android,0
B_303,B,CA,iOS,0
B_304,B,IN,iOS,0
B_305,B,US,iOS,0
B_306,B,US,Android,1
B_307,B,US,iOS,0
B_308,B,US,Android,0
B_309,B,US,Android,0
B_310,B,CA,Android,0
B_311,B,CA,Android,0
B_312,B,US,iOS,0
B_313,B,IN,Android,0
B_314,B,US,iOS,0
B_315,B,US,Android,0
B_316,B,IN,Android,0
B_317,B,US,Android,1
B_318,B,US,Android,0
B_319,B,US,iOS,0
B_320,B,US,Android,0
B_321,B,US,Android,0
B_322,B,IN,Android,1
B_323,B,IN,iOS,0
B_324,B,IN,iOS,0
B_325,B,IN,Android,0
B_326,B,US,iOS,0
B_327,B,IN,Android,1
B_328,B,US,Android,0
B_329,B,US,Android,0
B_330,B,CA,iOS,0
B_331,B,US,Android,0
B_332,B,US,iOS,0
B_333,B,US,Android,0
B_334,B,US,Android,0
B_335,B,US,iOS,0
B_336,B,US,iOS,0
B_337,B,IN,iOS,0
B_338,B,US,Android,1
B_339,B,US,Android,0
B_340,B,US,iOS,0
B_341,B,IN,iOS,0
B_342,B,US,Android,1
B_343,B,US,iOS,0
B_344,B,US,Android,0
B_345,B,IN,Android,0
B_346,B,IN,Android,0
B_347,B,US,Android,0
B_348,B,IN,Android,0
B_349,B,US,Android,0
B_350,B,US,iOS,1
B_351,B,US,iOS,0
B_352,B,US,Android,0
B_353,B,US,iOS,0
B_354,B,US,Android,1
B_355,B,US,Android,1
B_356,B,US,Android,0
B_357,B,US,iOS,0
B_358,B,IN,Android,0
B_359,B,IN,Android,1
B_360,B,US,iOS,0
B_361,B,US,Android,0
B_362,B,US,Android,0
B_363,B,US,Android,1
B_364,B,US,Android,1
B_365,B,US,iOS,1
B_366,B,IN,Android,0
B_367,B,IN,Android,0
B_368,B,US,iOS,1
B_369,B,US,Android,0
B_370,B,IN,iOS,0
B_371,B,US,iOS,1
B_372,B,IN,Android,0
B_373,B,US,iOS,0
B_374,B,US,Android,0
B_375,B,US,iOS,0
B_376,B,US,Android,0
B_377,B,CA,iOS,0
B_378,B,US,Android,0
B_379,B,CA,iOS,1
B_380,B,US,Android,0
B_381,B,IN,iOS,0
B_382,B,CA,iOS,0
B_383,B,US,Android,0
B_384,B,US,Android,0
B_385,B,IN,Android,0
B_386,B,US,iOS,0
B_387,B,CA,iOS,0
B_388,B,US,Android,0
B_389,B,US,Android,1
B_390,B,US,iOS,0
B_391,B,IN,Android,0
B_392,B,CA,Android,1
B_393,B,US,Android,0
B_394,B,IN,iOS,0
B_395,B,CA,Android,0
B_396,B,US,iOS,0
B_397,B,US,Android,0
B_398,B,IN,iOS,0
B_399,B,IN,Android,0
B_400,B,US,Android,0
B_401,B,IN,Android,0
B_402,B,US,iOS,0
B_403,B,CA,iOS,0
B_404,B,IN,Android,0
B_405,B,IN,Android,0
B_406,B,US,Android,0
B_407,B,US,iOS,0
B_408,B,US,Android,0
B_409,B,US,iOS,1
B_410,B,IN,iOS,0
B_411,B,US,iOS,0
B_412,B,US,Android,0
B_413,B,US,iOS,0
B_414,B,US,iOS,0
B_415,B,US,Android,0
B_416,B,IN,Android,0
B_417,B,IN,iOS,1
B_418,B,US,iOS,0
B_419,B,IN,Android,0
B_420,B,IN,iOS,0
B_421,B,US,iOS,0
B_422,B,IN,Android,0
B_423,B,US,iOS,0
B_424,B,US,Android,1
B_425,B,US,iOS,0
B_426,B,US,iOS,1
B_427,B,IN,iOS,1
B_428,B,CA,iOS,1
B_429,B,IN,iOS,0
B_430,B,US,iOS,0
B_431,B,US,Android,0
B_432,B,CA,Android,0
B_433,B,US,iOS,0
B_434,B,US,Android,0
B_435,B,US,Android,0
B_436,B,US,Android,1
B_437,B,US,iOS,0
B_438,B,US,iOS,1
B_439,B,US,iOS,0
B_440,B,US,iOS,0
B_441,B,US,iOS,1
B_442,B,US,Android,1
B_443,B,US,Android,0
B_444,B,IN,iOS,1
B_445,B,US,Android,0
B_446,B,IN,iOS,1
B_447,B,IN,Android,0
B_448,B,US,Android,0
B_449,B,IN,iOS,0
B_450,B,IN,Android,0
B_451,B,US,Android,0
B_452,B,US,Android,0
B_453,B,US,Android,0
B_454,B,CA,Android,1
B_455,B,IN,iOS,0
B_456,B,CA,iOS,0
B_457,B,CA,Android,0
B_458,B,US,iOS,0
B_459,B,IN,Android,0
B_460,B,US,Android,0
B_461,B,IN,Android,0
B_462,B,US,iOS,0
B_463,B,US,Android,0
B_464,B,IN,iOS,0
B_465,B,IN,iOS,1
B_466,B,IN,iOS,0
B_467,B,US,Android,0
B_468,B,US,Android,0
B_469,B,CA,iOS,0
B_470,B,US,Android,0
B_471,B,US,iOS,0
B_472,B,US,Android,1
B_473,B,US,iOS,0
B_474,B,US,Android,0
B_475,B,US,Android,0
B_476,B,IN,Android,0
B_477,B,CA,iOS,0
B_478,B,CA,Android,0
B_479,B,US,Android,1
B_480,B,US,Android,0
B_481,B,IN,Android,0
B_482,B,IN,Android,0
B_483,B,US,iOS,0
B_484,B,IN,Android,1
B_485,B,IN,iOS,1
B_486,B,IN,Android,1
B_487,B,IN,iOS,0
B_488,B,US,iOS,0
B_489,B,US,Android,0
B_490,B,US,Android,0
B_491,B,US,Android,0
B_492,B,IN,Android,0
B_493,B,IN,iOS,0
B_494,B,US,iOS,1
B_495,B,IN,iOS,0
B_496,B,IN,Android,1
B_497,B,IN,Android,0
B_498,B,US,Android,0
B_499,B,IN,Android,0
B_500,B,US,iOS,0
B_501,B,US,Android,0
B_502,B,US,Android,0
B_503,B,IN,Android,0
B_504,B,IN,iOS,1
B_505,B,US,iOS,0
B_506,B,US,Android,0
B_507,B,IN,iOS,0
B_508,B,IN,Android,0
B_509,B,US,iOS,0
B_510,B,CA,Android,0
B_511,B,IN,Android,0
B_512,B,CA,Android,0
B_513,B,CA,iOS,0
B_514,B,CA,iOS,0
B_515,B,IN,iOS,1
B_516,B,IN,Android,0
B_517,B,US,iOS,0
B_518,B,US,Android,0
B_519,B,IN,iOS,0
B_520,B,US,iOS,0
B_521,B,IN,Android,0
B_522,B,US,Android,0
B_523,B,US,Android,0
B_524,B,US,Android,0
B_525,B,US,Android,1
B_526,B,US,Android,0
B_527,B,US,Android,0
B_528,B,IN,iOS,1
B_529,B,US,Android,1
B_530,B,US,Android,0
B_531,B,US,iOS,1
B_532,B,US,Android,0
B_533,B,US,Android,0
B_534,B,IN,Android,1
B_535,B,IN,iOS,0
B_536,B,US,Android,0
B_537,B,US,Android,0
B_538,B,US,iOS,0
B_539,B,US,iOS,0
B_540,B,IN,iOS,1
B_541,B,US,iOS,0
B_542,B,IN,Android,0
B_543,B,US,Android,0
B_544,B,US,iOS,0
B_545,B,US,iOS,0
B_546,B,US,Android,1
B_547,B,CA,iOS,0
B_548,B,US,Android,0
B_549,B,IN,iOS,0
B_550,B,IN,iOS,0
B_551,B,US,Android,0
B_552,B,US,iOS,0
B_553,B,US,Android,0
B_554,B,US,iOS,0
B_555,B,IN,Android,1
B_556,B,US,Android,0
B_557,B,CA,Android,0
B_558,B,IN,iOS,0
B_559,B,US,Android,0
B_560,B,IN,Android,1
B_561,B,US,iOS,0
B_562,B,CA,iOS,0
B_563,B,US,Android,0
B_564,B,CA,iOS,1
B_565,B,IN,Android,0
B_566,B,IN,Android,0
B_567,B,US,iOS,0
B_568,B,IN,Android,0
B_569,B,US,Android,1
B_570,B,IN,iOS,0
B_571,B,US,Android,0
B_572,B,US,iOS,0
B_573,B,US,iOS,1
B_574,B,US,Android,0
B_575,B,US,iOS,0
B_576,B,IN,Android,1
B_577,B,US,iOS,0
B_578,B,IN,Android,1
B_579,B,US,iOS,0
B_580,B,IN,Android,0
B_581,B,IN,Android,0
B_582,B,US,Android,0
B_583,B,IN,Android,0
B_584,B,CA,Android,0
B_585,B,IN,Android,1
B_586,B,US,Android,0
B_587,B,US,Android,0
B_588,B,IN,Android,0
B_589,B,US,Android,0
B_590,B,IN,iOS,0
B_591,B,US,Android,0
B_592,B,IN,Android,0
B_593,B,US,iOS,0
B_594,B,US,iOS,0
B_595,B,CA,Android,0
B_596,B,IN,Android,1
B_597,B,IN,iOS,0
B_598,B,CA,iOS,0
B_599,B,US,iOS,0
B_600,B,US,Android,0
B_601,B,US,Android,0
B_602,B,US,Android,1
B_603,B,US,Android,1
B_604,B,CA,Android,0
B_605,B,US,iOS,0
B_606,B,US,Android,0
B_607,B,US,iOS,0
B_608,B,US,iOS,0
B_609,B,US,Android,0
B_610,B,IN,Android,0
B_611,B,US,iOS,0
B_612,B,IN,Android,0
B_613,B,IN,Android,0
B_614,B,IN,iOS,0
B_615,B,IN,iOS,0
B_616,B,US,iOS,0
B_617,B,US,Android,1
B_618,B,US,Android,0
B_619,B,CA,Android,0
B_620,B,IN,iOS,0
B_621,B,US,Android,0
B_622,B,US,Android,0
B_623,B,IN,Android,0
B_624,B,IN,iOS,0
B_625,B,US,Android,0
B_626,B,IN,Android,0
B_627,B,IN,iOS,0
B_628,B,IN,iOS,0
B_629,B,US,iOS,0
B_630,B,US,iOS,0
B_631,B,CA,Android,0
B_632,B,US,iOS,0
B_633,B,US,iOS,0
B_634,B,US,Android,0
B_635,B,US,iOS,0
B_636,B,IN,iOS,0
B_637,B,US,Android,0
B_638,B,IN,iOS,0
B_639,B,US,iOS,0
B_640,B,US,iOS,0
B_641,B,US,iOS,1
B_642,B,IN,Android,0
B_643,B,US,iOS,0
B_644,B,US,iOS,0
B_645,B,IN,Android,0
B_646,B,US,Android,0
B_647,B,US,iOS,0
B_648,B,US,iOS,0
B_649,B,IN,Android,0
B_650,B,US,Android,1
B_651,B,US,Android,0
B_652,B,US,iOS,0
B_653,B,US,iOS,0
B_654,B,US,Android,0
B_655,B,US,Android,0
B_656,B,US,Android,1
B_657,B,US,iOS,1
B_658,B,IN,Android,0
B_659,B,US,iOS,0
B_660,B,US,Android,0
B_661,B,CA,Android,0
B_662,B,IN,Android,0
B_663,B,IN,iOS,0
B_664,B,US,Android,0
B_665,B,US,Android,0
B_666,B,US,Android,0
B_667,B,US,iOS,1
B_668,B,US,Android,0
B_669,B,US,iOS,1
B_670,B,US,iOS,0
B_671,B,IN,iOS,1
B_672,B,US,iOS,0
B_673,B,US,iOS,0
B_674,B,IN,Android,0
B_675,B,IN,iOS,1
B_676,B,US,iOS,0
B_677,B,US,iOS,0
B_678,B,US,iOS,0
B_679,B,US,Android,0
B_680,B,IN,Android,1
B_681,B,US,iOS,0
B_682,B,US,Android,0
B_683,B,US,Android,0
B_684,B,US,Android,0
B_685,B,US,iOS,0
B_686,B,US,iOS,0
B_687,B,CA,Android,0
B_688,B,IN,Android,0
B_689,B,US,Android,1
B_690,B,US,Android,0
B_691,B,IN,iOS,0
B_692,B,US,Android,0
B_693,B,US,Android,1
B_694,B,IN,iOS,0
B_695,B,US,Android,0
B_696,B,US,Android,0
B_697,B,US,Android,1
B_698,B,US,Android,1
B_699,B,US,Android,0
B_700,B,IN,Android,1
B_701,B,US,Android,0
B_702,B,US,iOS,0
B_703,B,IN,iOS,0
B_704,B,US,iOS,0
B_705,B,US,iOS,0
B_706,B,US,iOS,1
B_707,B,IN,Android,1
B_708,B,US,iOS,0
B_709,B,IN,iOS,0
B_710,B,IN,Android,0
B_711,B,IN,iOS,0
B_712,B,CA,Android,1
B_713,B,IN,Android,0
B_714,B,IN,Android,0
B_715,B,IN,iOS,0
B_716,B,IN,iOS,1
B_717,B,IN,Android,1
B_718,B,CA,Android,0
B_719,B,US,iOS,0
B_720,B,IN,Android,0
B_721,B,US,Android,0
B_722,B,IN,iOS,0
B_723,B,US,Android,1
B_724,B,IN,iOS,1
B_725,B,IN,iOS,1
B_726,B,CA,Android,0
B_727,B,US,iOS,0
B_728,B,IN,Android,1
B_729,B,IN,Android,0
B_730,B,CA,iOS,0
B_731,B,CA,Android,1
B_732,B,US,iOS,0
B_733,B,US,iOS,1
B_734,B,US,Android,0
B_735,B,CA,Android,1
B_736,B,US,Android,0
B_737,B,IN,iOS,0
B_738,B,IN,iOS,1
B_739,B,US,Android,0
B_740,B,US,iOS,0
B_741,B,US,iOS,0
B_742,B,IN,Android,0
B_743,B,US,iOS,1
B_744,B,US,iOS,0
B_745,B,IN,iOS,0
B_746,B,US,Android,0
B_747,B,IN,Android,1
B_748,B,US,Android,1
B_749,B,US,iOS,1
B_750,B,US,iOS,0
B_751,B,US,Android,0
B_752,B,US,iOS,0
B_753,B,IN,Android,0
B_754,B,US,Android,0
B_755,B,US,Android,0
B_756,B,US,Android,0
B_757,B,US,Android,0
B_758,B,CA,iOS,0
B_759,B,US,Android,0
B_760,B,CA,Android,0
B_761,B,US,Android,1
B_762,B,US,Android,0
B_763,B,US,Android,1
B_764,B,US,Android,0
B_765,B,IN,iOS,0
B_766,B,US,Android,0
B_767,B,US,Android,0
B_768,B,IN,iOS,0
B_769,B,IN,Android,0
B_770,B,CA,Android,0
B_771,B,CA,iOS,1
B_772,B,IN,iOS,0
B_773,B,IN,Android,0
B_774,B,IN,iOS,0
B_775,B,US,iOS,0
B_776,B,IN,Android,0
B_777,B,US,iOS,0
B_778,B,IN,iOS,0
B_779,B,CA,Android,0
B_780,B,US,iOS,1
B_781,B,IN,Android,1
B_782,B,CA,Android,0
B_783,B,US,Android,1
B_784,B,US,Android,0
B_785,B,CA,Android,0
B_786,B,CA,iOS,1
B_787,B,US,Android,1
B_788,B,US,iOS,1
B_789,B,IN,Android,0
B_790,B,US,Android,1
B_791,B,US,iOS,0
B_792,B,US,iOS,0
B_793,B,US,Android,0
B_794,B,US,iOS,0
B_795,B,IN,iOS,0
B_796,B,IN,iOS,0
B_797,B,IN,Android,1
B_798,B,US,Android,0
B_799,B,US,Android,0
B_800,B,US,Android,0
B_801,B,US,iOS,0
B_802,B,US,iOS,0
B_803,B,US,Android,0
B_804,B,US,Android,0
B_805,B,US,Android,0
B_806,B,IN,Android,0
B_807,B,IN,Android,1
B_808,B,CA,Android,0
B_809,B,IN,Android,0
B_810,B,US,Android,0
B_811,B,US,Android,0
B_812,B,US,Android,0
B_813,B,US,Android,0
B_814,B,US,Android,0
B_815,B,US,iOS,1
B_816,B,US,iOS,0
B_817,B,US,Android,0
B_818,B,IN,Android,0
B_819,B,IN,Android,0
B_820,B,IN,Android,0
B_821,B,IN,iOS,1
B_822,B,US,Android,0
B_823,B,US,Android,0
B_824,B,IN,Android,0
B_825,B,US,Android,0
B_826,B,US,iOS,0
B_827,B,US,Android,0
B_828,B,CA,Android,0
B_829,B,IN,Android,0
B_830,B,US,Android,0
B_831,B,IN,iOS,0
B_832,B,US,Android,0
B_833,B,US,Android,0
B_834,B,US,iOS,0
B_835,B,US,Android,0
B_836,B,IN,iOS,1
B_837,B,US,iOS,0
B_838,B,IN,iOS,0
B_839,B,US,iOS,0
B_840,B,IN,Android,0
B_841,B,IN,Android,0
B_842,B,IN,iOS,0
B_843,B,IN,Android,0
B_844,B,CA,iOS,0
B_845,B,US,iOS,1
B_846,B,IN,iOS,1
B_847,B,IN,Android,0
B_848,B,US,iOS,0
B_849,B,US,Android,0
B_850,B,US,iOS,1
B_851,B,US,Android,1
B_852,B,US,Android,0
B_853,B,US,iOS,0
B_854,B,IN,iOS,0
B_855,B,US,Android,1
B_856,B,IN,Android,0
B_857,B,US,Android,0
B_858,B,IN,iOS,0
B_859,B,US,iOS,0
B_860,B,US,Android,0
B_861,B,US,Android,0
B_862,B,IN,iOS,0
B_863,B,US,Android,0
B_864,B,CA,Android,0
B_865,B,US,iOS,0
B_866,B,US,iOS,1
B_867,B,US,iOS,0
B_868,B,IN,Android,0
B_869,B,US,Android,0
B_870,B,US,Android,0
B_871,B,US,iOS,0
B_872,B,US,Android,0
B_873,B,US,Android,0
B_874,B,CA,Android,0
B_875,B,US,Android,0
B_876,B,US,iOS,0
B_877,B,CA,Android,0
B_878,B,US,iOS,0
B_879,B,US,iOS,0
B_880,B,IN,iOS,0
B_881,B,CA,Android,0
B_882,B,IN,Android,0
B_883,B,US,iOS,1
B_884,B,CA,Android,0
B_885,B,US,Android,0
B_886,B,CA,iOS,0
B_887,B,IN,Android,0
B_888,B,CA,iOS,1
B_889,B,US,Android,0
B_890,B,US,iOS,1
B_891,B,IN,iOS,0
B_892,B,US,Android,0
B_893,B,US,iOS,1
B_894,B,CA,Android,0
B_895,B,IN,Android,0
B_896,B,US,iOS,0
B_897,B,US,Android,1
B_898,B,US,Android,0
B_899,B,US,Android,0
B_900,B,US,Android,1
B_901,B,IN,iOS,0
B_902,B,IN,iOS,0
B_903,B,US,Android,0
B_904,B,US,Android,0
B_905,B,IN,Android,1
B_906,B,IN,Android,0
B_907,B,IN,iOS,0
B_908,B,US,Android,0
B_909,B,IN,iOS,0
B_910,B,US,iOS,1
B_911,B,US,Android,0
B_912,B,IN,iOS,0
B_913,B,US,Android,0
B_914,B,US,iOS,0
B_915,B,US,Android,0
B_916,B,US,Android,0
B_917,B,US,Android,0
B_918,B,IN,Android,1
B_919,B,US,Android,0
B_920,B,US,iOS,0
B_921,B,IN,iOS,0
B_922,B,US,iOS,0
B_923,B,CA,Android,0
B_924,B,US,Android,0
B_925,B,US,iOS,0
B_926,B,US,iOS,1
B_927,B,IN,Android,1
B_928,B,US,Android,1
B_929,B,CA,iOS,0
B_930,B,US,Android,1
B_931,B,US,Android,0
B_932,B,US,Android,0
B_933,B,US,iOS,0
B_934,B,US,Android,0
B_935,B,US,iOS,0
B_936,B,US,iOS,0
B_937,B,IN,Android,0
B_938,B,US,Android,0
B_939,B,US,iOS,1
B_940,B,US,Android,0
B_941,B,US,iOS,0
B_942,B,US,Android,0
B_943,B,IN,Android,1
B_944,B,US,Android,0
B_945,B,IN,Android,0
B_946,B,US,Android,0
B_947,B,US,Android,0
B_948,B,IN,Android,0
B_949,B,US,Android,0
B_950,B,US,iOS,0
B_951,B,CA,Android,0
B_952,B,CA,iOS,0
B_953,B,IN,Android,0
B_954,B,US,iOS,0
B_955,B,US,iOS,0
B_956,B,CA,Android,0
B_957,B,CA,iOS,0
B_958,B,US,iOS,0
B_959,B,US,Android,0
B_960,B,US,iOS,0
B_961,B,US,iOS,0
B_962,B,IN,Android,0
B_963,B,US,iOS,0
B_964,B,US,iOS,0
B_965,B,US,iOS,0
B_966,B,US,iOS,0
B_967,B,US,iOS,0
B_968,B,US,iOS,0
B_969,B,US,Android,0
B_970,B,CA,Android,0
B_971,B,US,iOS,0
B_972,B,US,iOS,0
B_973,B,US,Android,1
B_974,B,US,Android,1
B_975,B,US,Android,0
B_976,B,US,Android,0
B_977,B,US,iOS,0
B_978,B,US,Android,0
B_979,B,IN,Android,0
B_980,B,US,Android,0
B_981,B,US,iOS,0
B_982,B,US,iOS,1
B_983,B,US,iOS,0
B_984,B,US,iOS,0
B_985,B,US,iOS,0
B_986,B,US,Android,0
B_987,B,US,iOS,0
B_988,B,CA,Android,1
B_989,B,CA,iOS,0
B_990,B,CA,iOS,0
B_991,B,US,Android,0
B_992,B,US,Android,1
B_993,B,US,iOS,1
B_994,B,US,Android,0
B_995,B,US,iOS,0
B_996,B,US,iOS,0
B_997,B,US,Android,1
B_998,B,US,iOS,1
B_999,B,US,Android,1
